algo,supercomputer,supercomputer_14
lm,10.190000000002328,2.169999999983702
glmnet,4.349999999976717,3.7399999999906868
ranger,82.53000000002794,94.10999999998603
xgbTree,119.70999999996275,115.6699999999837
