algo,supercomputer,supercomputer_14
lm,9.559999999997672,2.89000000001397
glmnet,5.690000000002328,4.080000000016298
ranger,69.48999999999069,70.44000000000233
xgbTree,102.51000000000931,95.72999999998137
